"name","kind","ok","converged","ofv","method","n_warnings","seconds","error"
"adaptive_tdm","adaptive",TRUE,NA,NA,NA,NA,0,""
"adaptive_vanco_loading","adaptive",TRUE,NA,NA,NA,NA,0,""
"binary_logistic","fit",TRUE,TRUE,213.595494657299,"FOCEI",1,0,""
"bioavailability_ode","fit",TRUE,TRUE,-489.470299721117,"FOCEI",1,2.1,""
"bioavailability","fit",TRUE,TRUE,-489.470299719006,"FOCEI",2,0,""
"biphasic_igd_absorption","fit",TRUE,TRUE,-1077.65761740724,"FOCEI",4,0.2,""
"emax_pkpd","fit",TRUE,TRUE,-34.1325271411002,"FOCEI",6,0.9,""
"emax_timecourse","fit",TRUE,TRUE,62.5384680545295,"FOCE",0,0,""
"igd_inverse_gaussian","fit",TRUE,TRUE,-899.400685891613,"FOCEI",3,0.5,""
"infusion_absorption","predict",TRUE,NA,NA,NA,NA,0,""
"mixed_absorption","fit",TRUE,TRUE,-435.609311798101,"FOCEI",6,0,""
"mm_multistart","fit",TRUE,TRUE,-453.398513821404,"FOCEI",0,1.8,""
"mm_oral","fit",TRUE,TRUE,-453.398513744668,"FOCEI",1,0.2,""
"one_cpt_ig","fit",TRUE,TRUE,-1303.53607612826,"FOCEI",2,0.1,""
"one_cpt_iv_ode","fit",TRUE,TRUE,-317.106779408127,"FOCE",0,0.3,""
"one_cpt_iv_pooled","fit",TRUE,TRUE,-269.637010420852,"FOCEI",1,0,""
"one_cpt_iv","fit",TRUE,TRUE,-317.106779405663,"FOCE",0,0,""
"one_cpt_transit_iov","fit",TRUE,TRUE,-449.187101781215,"FOCEI",0,0.2,""
"one_cpt_transit","fit",TRUE,TRUE,-1063.87978039783,"FOCEI",0,0.1,""
"parallel_absorption","fit",TRUE,TRUE,-381.790137735719,"FOCEI",4,0,""
"per_route_lag_absorption","fit",TRUE,TRUE,-514.277972970537,"FOCEI",2,0.1,""
"pktte_joint","fit",TRUE,TRUE,66.9919245888429,"FOCEI",5,0.2,""
"sequential_absorption","fit",TRUE,TRUE,-615.924297866651,"FOCEI",0,0.1,""
"ss_absorption","predict",TRUE,NA,NA,NA,NA,0,""
"three_cpt_iv_ode","fit",TRUE,TRUE,-712.616463992434,"FOCE",2,9.6,""
"three_cpt_iv","fit",TRUE,TRUE,-712.616463982281,"FOCE",2,0.1,""
"three_cpt_oral_ode","fit",TRUE,TRUE,-584.184431754483,"FOCE",1,8,""
"three_cpt_oral","fit",TRUE,TRUE,-584.184431794029,"FOCE",2,0.1,""
"transit_2cpt","fit",TRUE,TRUE,-149.67210749248,"FOCEI",2,0.3,""
"transit_savic","fit",TRUE,TRUE,-1077.12579655469,"FOCEI",0,1.1,""
"tte_competing_risks","fit",TRUE,TRUE,253.825356997819,"FOCEI",3,0,""
"tte_exponential","fit",TRUE,TRUE,166.43945809228,"FOCEI",3,0,""
"tte_gompertz","fit",TRUE,TRUE,396.459907084439,"FOCEI",4,0,""
"tte_weibull","fit",TRUE,TRUE,222.288968801367,"FOCEI",2,0,""
"two_cpt_ig","fit",TRUE,TRUE,-1430.28850136539,"FOCEI",2,0.6,""
"two_cpt_iv_ode","fit",TRUE,TRUE,-858.524541853581,"FOCE",1,4.3,""
"two_cpt_iv","fit",TRUE,TRUE,-858.524541818844,"FOCE",1,0.1,""
"two_cpt_oral_base","fit",TRUE,TRUE,-1185.4028427231,"FOCEI",2,0.2,""
"two_cpt_oral_cov_ode_template","fit",TRUE,TRUE,-1199.32642637096,"FOCEI",2,24.4,""
"two_cpt_oral_cov_ode","fit",TRUE,TRUE,-1199.32642637096,"FOCEI",2,24.2,""
"two_cpt_oral_cov","fit",TRUE,TRUE,-1199.32642648044,"FOCEI",2,0.1,""
"two_cpt_oral_derived","fit",TRUE,TRUE,-696.794348739037,"FOCEI",2,1.2,""
"two_cpt_oral_global","fit",TRUE,TRUE,-172.049282848146,"FOCEI",3,0.1,""
"two_cpt_transit","fit",TRUE,TRUE,-956.228592522913,"FOCEI",1,0.8,""
"warfarin_additive_eta","fit",TRUE,TRUE,-10.7088481266451,"FOCEI",3,0,""
"warfarin_addl","fit",TRUE,TRUE,437.338108824868,"FOCE",0,0.8,""
"warfarin_amd","fit",TRUE,TRUE,-286.004219505287,"FOCEI",1,0,""
"warfarin_block_omega","fit",TRUE,TRUE,-280.485776591465,"FOCE",2,0,""
"warfarin_bloq","fit",TRUE,TRUE,-216.81866547643,"FOCEI",1,0,""
"warfarin_data_selection","fit",TRUE,TRUE,-266.913114595101,"FOCE",2,0.1,""
"warfarin_dcm","fit",TRUE,TRUE,-1185.46208313451,"FOCEI",6,1.2,""
"warfarin_derived_pkpd","fit",TRUE,TRUE,-280.363961838757,"FOCE",4,1.1,""
"warfarin_derived","fit",TRUE,TRUE,-280.363961838757,"FOCE",1,0.7,""
"warfarin_if","fit",TRUE,TRUE,-1188.52730933413,"FOCEI",3,0.1,""
"warfarin_iov_saem","fit",TRUE,TRUE,310.002828810363,"SAEM",3,0.3,""
"warfarin_iov","fit",TRUE,TRUE,203.5574732502,"FOCE",1,0.2,""
"warfarin_logit_f","fit",TRUE,TRUE,126.29921299035,"FOCEI",6,0,""
"warfarin_ltbs","fit",TRUE,TRUE,-675.30242298194,"FOCEI",1,0.1,""
"warfarin_ode_lagtime","fit",TRUE,TRUE,-53.4788547222414,"FOCEI",1,3.4,""
"warfarin_ode_time","fit",TRUE,TRUE,-280.364714508337,"FOCE",2,2,""
"warfarin_ode","fit",TRUE,TRUE,-280.363961845015,"FOCE",2,1.8,""
"warfarin_saem","fit",TRUE,TRUE,-285.99968797545,"SAEM",2,0,""
"warfarin_scaled","fit",TRUE,TRUE,-280.363961839133,"FOCE",1,0.1,""
"warfarin_sde","fit",TRUE,TRUE,-279.151770287573,"FOCE",8,14.9,""
"warfarin_ss","fit",TRUE,TRUE,263.361522981313,"FOCE",1,0,""
"warfarin","fit",TRUE,TRUE,-280.363961837753,"FOCE",1,0,""
"weibull_absorption","fit",TRUE,TRUE,-943.844438354572,"FOCEI",0,0.1,""
"zero_order_absorption","fit",TRUE,TRUE,-436.202261053163,"FOCEI",1,0,""
