"kind","name","parent","detail"
"export","check_diagnostics","",""
"argument","fit","check_diagnostics",""
"export","check_strictness","",""
"argument","fit","check_strictness",""
"argument","require_converged","check_strictness",""
"argument","require_covariance","check_strictness",""
"argument","max_condition_number","check_strictness",""
"argument","max_correlation","check_strictness",""
"argument","reject_on_boundary","check_strictness",""
"argument","reject_init_stall","check_strictness",""
"export","ferx_allometry","",""
"argument","model","ferx_allometry",""
"argument","data","ferx_allometry",""
"argument","config","ferx_allometry",""
"argument","covariate","ferx_allometry",""
"argument","reference","ferx_allometry",""
"argument","parameters","ferx_allometry",""
"argument","exponents","ferx_allometry",""
"argument","estimate","ferx_allometry",""
"argument","lower","ferx_allometry",""
"argument","upper","ferx_allometry",""
"argument","fit","ferx_allometry",""
"argument","threads","ferx_allometry",""
"argument","retries","ferx_allometry",""
"argument","directory","ferx_allometry",""
"export","ferx_apply_selection","",""
"argument","data","ferx_apply_selection",""
"argument","ignore","ferx_apply_selection",""
"argument","accept","ferx_apply_selection",""
"argument","ignore_ids","ferx_apply_selection",""
"argument","excluded","ferx_apply_selection",""
"export","ferx_bic","",""
"argument","fit","ferx_bic",""
"argument","type","ferx_bic",""
"export","ferx_bootstrap","",""
"argument","model","ferx_bootstrap",""
"argument","data","ferx_bootstrap",""
"argument","samples","ferx_bootstrap",""
"argument","seed","ferx_bootstrap",""
"argument","threads","ferx_bootstrap",""
"argument","stratify_on","ferx_bootstrap",""
"argument","sample_size","ferx_bootstrap",""
"argument","update_inits","ferx_bootstrap",""
"argument","run_base_model","ferx_bootstrap",""
"argument","keep_covariance","ferx_bootstrap",""
"argument","dofv","ferx_bootstrap",""
"argument","skip_minimization_terminated","ferx_bootstrap",""
"argument","skip_estimate_near_boundary","ferx_bootstrap",""
"argument","skip_covariance_step_terminated","ferx_bootstrap",""
"argument","skip_with_covstep_warnings","ferx_bootstrap",""
"argument","ci","ferx_bootstrap",""
"argument","directory","ferx_bootstrap",""
"argument","resume","ferx_bootstrap",""
"argument","retry_failed","ferx_bootstrap",""
"argument","progress","ferx_bootstrap",""
"argument","verbose","ferx_bootstrap",""
"export","ferx_bootstrap_summarize","",""
"argument","directory","ferx_bootstrap_summarize",""
"argument","skip_minimization_terminated","ferx_bootstrap_summarize",""
"argument","skip_estimate_near_boundary","ferx_bootstrap_summarize",""
"argument","skip_covariance_step_terminated","ferx_bootstrap_summarize",""
"argument","skip_with_covstep_warnings","ferx_bootstrap_summarize",""
"argument","ci","ferx_bootstrap_summarize",""
"export","ferx_calc_npde","",""
"argument","fit","ferx_calc_npde",""
"argument","nsim","ferx_calc_npde",""
"argument","seed","ferx_calc_npde",""
"argument","model","ferx_calc_npde",""
"argument","data","ferx_calc_npde",""
"export","ferx_check_init","",""
"argument","model","ferx_check_init",""
"argument","data","ferx_check_init",""
"argument","method","ferx_check_init",""
"argument","maxiter","ferx_check_init",""
"export","ferx_coef","",""
"argument","fit","ferx_coef",""
"argument","param","ferx_coef",""
"export","ferx_collect","",""
"argument","handle","ferx_collect",""
"argument","verbose","ferx_collect",""
"export","ferx_conddist","",""
"argument","fit","ferx_conddist",""
"export","ferx_cov_screen","",""
"argument","fit","ferx_cov_screen",""
"argument","threshold","ferx_cov_screen",""
"export","ferx_covariance","",""
"argument","fit","ferx_covariance",""
"argument","covariance_method","ferx_covariance",""
"argument","mu_referencing","ferx_covariance",""
"argument","verbose","ferx_covariance",""
"export","ferx_covsearch","",""
"argument","model","ferx_covsearch",""
"argument","data","ferx_covsearch",""
"argument","search_space","ferx_covsearch",""
"argument","config","ferx_covsearch",""
"argument","algorithm","ferx_covsearch",""
"argument","p_forward","ferx_covsearch",""
"argument","p_backward","ferx_covsearch",""
"argument","max_steps","ferx_covsearch",""
"argument","adaptive_scope_reduction","ferx_covsearch",""
"argument","rank","ferx_covsearch",""
"argument","cutoff","ferx_covsearch",""
"argument","threads","ferx_covsearch",""
"argument","retries","ferx_covsearch",""
"argument","directory","ferx_covsearch",""
"argument","resume","ferx_covsearch",""
"argument","progress","ferx_covsearch",""
"export","ferx_example","",""
"argument","name","ferx_example",""
"export","ferx_fit","",""
"argument","model","ferx_fit",""
"argument","data","ferx_fit",""
"argument","method","ferx_fit",""
"argument","covariance","ferx_fit",""
"argument","verbose","ferx_fit",""
"argument","bloq_method","ferx_fit",""
"argument","threads","ferx_fit",""
"argument","mu_referencing","ferx_fit",""
"argument","sir","ferx_fit",""
"argument","gradient","ferx_fit",""
"argument","optimizer_trace","ferx_fit",""
"argument","scale_params","ferx_fit",""
"argument","inits_from_nca","ferx_fit",""
"argument","fd_hessian_step","ferx_fit",""
"argument","settings","ferx_fit",""
"argument","output","ferx_fit",""
"argument","include_data","ferx_fit",""
"argument","ignore","ferx_fit",""
"argument","accept","ferx_fit",""
"argument","ignore_ids","ferx_fit",""
"export","ferx_fit_async","",""
"argument","model","ferx_fit_async",""
"argument","data","ferx_fit_async",""
"argument","tail_n","ferx_fit_async",""
"argument","poll_interval","ferx_fit_async",""
"export","ferx_gam_screen","",""
"argument","fit","ferx_gam_screen",""
"argument","etas","ferx_gam_screen",""
"argument","covariates","ferx_gam_screen",""
"argument","spline_df","ferx_gam_screen",""
"argument","include_linear","ferx_gam_screen",""
"argument","shrinkage_warn","ferx_gam_screen",""
"export","ferx_get_columns","",""
"argument","data","ferx_get_columns",""
"export","ferx_get_warnings","",""
"argument","fit","ferx_get_warnings",""
"argument","as_df","ferx_get_warnings",""
"export","ferx_inits_from_nca","",""
"argument","model","ferx_inits_from_nca",""
"argument","data","ferx_inits_from_nca",""
"argument","method","ferx_inits_from_nca",""
"export","ferx_load_fit","",""
"argument","path","ferx_load_fit",""
"export","ferx_model","",""
"argument","data","ferx_model",""
"argument","model","ferx_model",""
"argument","template","ferx_model",""
"argument","path","ferx_model",""
"argument","overwrite","ferx_model",""
"argument","edit","ferx_model",""
"argument","print","ferx_model",""
"export","ferx_model_edit","",""
"argument","path","ferx_model_edit",""
"argument","dest","ferx_model_edit",""
"argument","overwrite","ferx_model_edit",""
"argument","save_as","ferx_model_edit",""
"argument",".editor","ferx_model_edit",""
"export","ferx_model_get_section","",""
"argument","x","ferx_model_get_section",""
"argument","section","ferx_model_get_section",""
"argument","strip","ferx_model_get_section",""
"export","ferx_model_inspect","",""
"argument","path","ferx_model_inspect",""
"export","ferx_model_set_section","",""
"argument","x","ferx_model_set_section",""
"argument","section","ferx_model_set_section",""
"argument","lines","ferx_model_set_section",""
"export","ferx_model_show","",""
"argument","path","ferx_model_show",""
"export","ferx_model_to_frem","",""
"argument","model","ferx_model_to_frem",""
"argument","data","ferx_model_to_frem",""
"argument","covariates","ferx_model_to_frem",""
"argument","output_dir","ferx_model_to_frem",""
"argument","output_model","ferx_model_to_frem",""
"argument","output_data","ferx_model_to_frem",""
"argument","fit","ferx_model_to_frem",""
"export","ferx_model_validate","",""
"argument","path","ferx_model_validate",""
"argument","data","ferx_model_validate",""
"export","ferx_modelsearch","",""
"argument","model","ferx_modelsearch",""
"argument","data","ferx_modelsearch",""
"argument","search_space","ferx_modelsearch",""
"argument","config","ferx_modelsearch",""
"argument","algorithm","ferx_modelsearch",""
"argument","iiv_strategy","ferx_modelsearch",""
"argument","rank","ferx_modelsearch",""
"argument","cutoff","ferx_modelsearch",""
"argument","threads","ferx_modelsearch",""
"argument","retries","ferx_modelsearch",""
"argument","directory","ferx_modelsearch",""
"argument","resume","ferx_modelsearch",""
"argument","progress","ferx_modelsearch",""
"export","ferx_predict","",""
"argument","model","ferx_predict",""
"argument","data","ferx_predict",""
"argument","fit","ferx_predict",""
"export","ferx_predict_survival","",""
"argument","model","ferx_predict_survival",""
"argument","data","ferx_predict_survival",""
"argument","times","ferx_predict_survival",""
"argument","fit","ferx_predict_survival",""
"export","ferx_runlog","",""
"argument","fit","ferx_runlog",""
"argument","gradient_tol","ferx_runlog",""
"argument","show_iterations","ferx_runlog",""
"argument","verbose","ferx_runlog",""
"export","ferx_runlog_iters","",""
"argument","fit","ferx_runlog_iters",""
"argument","verbose","ferx_runlog_iters",""
"export","ferx_ruvsearch","",""
"argument","model","ferx_ruvsearch",""
"argument","data","ferx_ruvsearch",""
"argument","config","ferx_ruvsearch",""
"argument","groups","ferx_ruvsearch",""
"argument","p_value","ferx_ruvsearch",""
"argument","skip","ferx_ruvsearch",""
"argument","max_iter","ferx_ruvsearch",""
"argument","cwres_prescreen","ferx_ruvsearch",""
"argument","threads","ferx_ruvsearch",""
"argument","retries","ferx_ruvsearch",""
"argument","directory","ferx_ruvsearch",""
"argument","resume","ferx_ruvsearch",""
"argument","progress","ferx_ruvsearch",""
"export","ferx_save_fit","",""
"argument","fit","ferx_save_fit",""
"argument","output","ferx_save_fit",""
"argument","include_data","ferx_save_fit",""
"export","ferx_se","",""
"argument","fit","ferx_se",""
"argument","param","ferx_se",""
"export","ferx_search_config","",""
"argument","path","ferx_search_config",""
"export","ferx_search_coverage","",""
"argument","space","ferx_search_coverage",""
"export","ferx_search_results","",""
"argument","directory","ferx_search_results",""
"argument","partial","ferx_search_results",""
"argument","type","ferx_search_results",""
"export","ferx_search_space","",""
"argument","mfl","ferx_search_space",""
"argument","model","ferx_search_space",""
"argument","data","ferx_search_space",""
"export","ferx_simulate","",""
"argument","model","ferx_simulate",""
"argument","data","ferx_simulate",""
"argument","n_sim","ferx_simulate",""
"argument","seed","ferx_simulate",""
"argument","fit","ferx_simulate",""
"argument","match","ferx_simulate",""
"argument","horizon","ferx_simulate",""
"export","ferx_simulate_adaptive","",""
"argument","model","ferx_simulate_adaptive",""
"argument","data","ferx_simulate_adaptive",""
"argument","n_sim","ferx_simulate_adaptive",""
"argument","seed","ferx_simulate_adaptive",""
"argument","verify","ferx_simulate_adaptive",""
"argument","max_decisions","ferx_simulate_adaptive",""
"export","ferx_simulate_with_uncertainty","",""
"argument","model","ferx_simulate_with_uncertainty",""
"argument","data","ferx_simulate_with_uncertainty",""
"argument","fit","ferx_simulate_with_uncertainty",""
"argument","n_uncertainty_draws","ferx_simulate_with_uncertainty",""
"argument","n_sim_per_draw","ferx_simulate_with_uncertainty",""
"argument","method","ferx_simulate_with_uncertainty",""
"argument","seed","ferx_simulate_with_uncertainty",""
"export","ferx_sir","",""
"argument","fit","ferx_sir",""
"argument","sir_samples","ferx_sir",""
"argument","sir_resamples","ferx_sir",""
"argument","sir_seed","ferx_sir",""
"argument","sir_keep_samples","ferx_sir",""
"argument","verbose","ferx_sir",""
"export","ferx_stop","",""
"argument","handle","ferx_stop",""
"export","ferx_trace","",""
"argument","fit","ferx_trace",""
"export","ferx_xpose","",""
"argument","fit","ferx_xpose",""
"argument","backend","ferx_xpose",""
"argument","continuous","ferx_xpose",""
"argument","categorical","ferx_xpose",""
"argument","runno","ferx_xpose",""
"argument","iterations","ferx_xpose",""
"s3method","$.ferx_job","$","ferx_job"
"s3method","plot.ferx_bootstrap","plot","ferx_bootstrap"
"s3method","plot.ferx_fit","plot","ferx_fit"
"s3method","plot.ferx_job","plot","ferx_job"
"s3method","print.ferx_allometry","print","ferx_allometry"
"s3method","print.ferx_bootstrap","print","ferx_bootstrap"
"s3method","print.ferx_conddist","print","ferx_conddist"
"s3method","print.ferx_covsearch","print","ferx_covsearch"
"s3method","print.ferx_data","print","ferx_data"
"s3method","print.ferx_fit","print","ferx_fit"
"s3method","print.ferx_inits","print","ferx_inits"
"s3method","print.ferx_job","print","ferx_job"
"s3method","print.ferx_model","print","ferx_model"
"s3method","print.ferx_modelsearch","print","ferx_modelsearch"
"s3method","print.ferx_ruvsearch","print","ferx_ruvsearch"
"s3method","print.ferx_search_config","print","ferx_search_config"
"s3method","print.ferx_search_space","print","ferx_search_space"
"s3method","print.ferx_summary","print","ferx_summary"
"s3method","summary.ferx_covsearch","summary","ferx_covsearch"
"s3method","summary.ferx_fit","summary","ferx_fit"
"s3method","summary.ferx_modelsearch","summary","ferx_modelsearch"
"s3method","summary.ferx_ruvsearch","summary","ferx_ruvsearch"
"example","adaptive_tdm","",""
"example","adaptive_vanco_loading","",""
"example","binary_logistic","",""
"example","bioavailability","",""
"example","bioavailability_ode","",""
"example","biphasic_igd_absorption","",""
"example","emax_pkpd","",""
"example","emax_timecourse","",""
"example","igd_inverse_gaussian","",""
"example","infusion_absorption","",""
"example","mixed_absorption","",""
"example","mm_multistart","",""
"example","mm_oral","",""
"example","one_cpt_ig","",""
"example","one_cpt_iv","",""
"example","one_cpt_iv_ode","",""
"example","one_cpt_iv_pooled","",""
"example","one_cpt_transit","",""
"example","one_cpt_transit_iov","",""
"example","parallel_absorption","",""
"example","per_route_lag_absorption","",""
"example","pktte_joint","",""
"example","sequential_absorption","",""
"example","ss_absorption","",""
"example","three_cpt_iv","",""
"example","three_cpt_iv_ode","",""
"example","three_cpt_oral","",""
"example","three_cpt_oral_ode","",""
"example","transit_2cpt","",""
"example","transit_savic","",""
"example","tte_competing_risks","",""
"example","tte_exponential","",""
"example","tte_gompertz","",""
"example","tte_weibull","",""
"example","two_cpt_ig","",""
"example","two_cpt_iv","",""
"example","two_cpt_iv_ode","",""
"example","two_cpt_oral_base","",""
"example","two_cpt_oral_cov","",""
"example","two_cpt_oral_cov_ode","",""
"example","two_cpt_oral_cov_ode_template","",""
"example","two_cpt_oral_derived","",""
"example","two_cpt_transit","",""
"example","warfarin","",""
"example","warfarin_additive_eta","",""
"example","warfarin_addl","",""
"example","warfarin_block_omega","",""
"example","warfarin_bloq","",""
"example","warfarin_data_selection","",""
"example","warfarin_dcm","",""
"example","warfarin_derived","",""
"example","warfarin_derived_pkpd","",""
"example","warfarin_if","",""
"example","warfarin_iov","",""
"example","warfarin_iov_saem","",""
"example","warfarin_logit_f","",""
"example","warfarin_ltbs","",""
"example","warfarin_ode","",""
"example","warfarin_ode_lagtime","",""
"example","warfarin_ode_time","",""
"example","warfarin_saem","",""
"example","warfarin_scaled","",""
"example","warfarin_sde","",""
"example","warfarin_ss","",""
"example","weibull_absorption","",""
"example","zero_order_absorption","",""
"searchfile","one_cpt_transit","",""
"searchfile","two_cpt_oral_base","",""
"searchfile","two_cpt_oral_cov","",""
"searchfile","warfarin","",""
"setting","maxiter","ferx_fit",""
"setting","inner_maxiter","ferx_fit",""
"setting","inner_tol","ferx_fit",""
"setting","inner_restarts","ferx_fit",""
"setting","cov_inner_tol","ferx_fit",""
"setting","outer_xtol","ferx_fit",""
"setting","outer_ftol","ferx_fit",""
"setting","ode_reltol","ferx_fit",""
"setting","ode_abstol","ferx_fit",""
"setting","ode_max_steps","ferx_fit",""
"setting","ode_stiff_abort_after","ferx_fit",""
"setting","ode_auto_switch","ferx_fit",""
"setting","ode_method","ferx_fit",""
"setting","analytic_cov_hessian","ferx_fit",""
"setting","covariance_fallback","ferx_fit",""
"setting","covariance_method","ferx_fit",""
"setting","fd_hessian_step","ferx_fit",""
"setting","optimizer","ferx_fit",""
"setting","inner_optimizer","ferx_fit",""
"setting","steihaug_max_iters","ferx_fit",""
"setting","global_search","ferx_fit",""
"setting","global_maxeval","ferx_fit",""
"setting","n_exploration","ferx_fit",""
"setting","n_convergence","ferx_fit",""
"setting","n_mh_steps","ferx_fit",""
"setting","n_leapfrog","ferx_fit","aliases: saem_n_leapfrog"
"setting","adapt_interval","ferx_fit",""
"setting","mstep_damping","ferx_fit","aliases: saem_mstep_damping"
"setting","omega_burnin","ferx_fit",""
"setting","conddist","ferx_fit","aliases: saem_conddist"
"setting","conddist_nsamp","ferx_fit",""
"setting","conddist_burnin","ferx_fit",""
"setting","conddist_keep_samples","ferx_fit",""
"setting","seed","ferx_fit","aliases: saem_seed"
"setting","bayes_warmup","ferx_fit",""
"setting","bayes_iters","ferx_fit",""
"setting","bayes_chains","ferx_fit",""
"setting","bayes_thin","ferx_fit",""
"setting","bayes_seed","ferx_fit",""
"setting","vi_iters","ferx_fit",""
"setting","vi_mc_samples","ferx_fit",""
"setting","vi_lr","ferx_fit",""
"setting","vi_grad_clip","ferx_fit",""
"setting","vi_family","ferx_fit",""
"setting","vi_sigma_update","ferx_fit",""
"setting","vi_omega_update","ferx_fit",""
"setting","vi_avg_last","ferx_fit",""
"setting","vi_eta_grad","ferx_fit",""
"setting","vi_kl","ferx_fit",""
"setting","vi_final_ofv","ferx_fit",""
"setting","vi_seed","ferx_fit",""
"setting","gn_lambda","ferx_fit",""
"setting","nn_l2","ferx_fit",""
"setting","nn_smooth","ferx_fit",""
"setting","sir_samples","ferx_fit",""
"setting","sir_resamples","ferx_fit",""
"setting","sir_seed","ferx_fit",""
"setting","sir_keep_samples","ferx_fit",""
"setting","sir_df","ferx_fit",""
"setting","n_agq","ferx_fit",""
"setting","imp_samples","ferx_fit",""
"setting","imp_proposal_df","ferx_fit",""
"setting","imp_seed","ferx_fit",""
"setting","imp_low_ess_threshold","ferx_fit",""
"setting","imp_iterations","ferx_fit",""
"setting","imp_averaging","ferx_fit",""
"setting","imp_eval_only","ferx_fit",""
"setting","agq_eval_only","ferx_fit",""
"setting","impmap_iterations","ferx_fit",""
"setting","impmap_samples","ferx_fit",""
"setting","impmap_proposal_df","ferx_fit",""
"setting","impmap_seed","ferx_fit",""
"setting","impmap_averaging","ferx_fit",""
"setting","impmap_low_ess_threshold","ferx_fit",""
"setting","impmap_trace","ferx_fit",""
"setting","impmap_mceta","ferx_fit",""
"setting","impmap_sobol","ferx_fit",""
"setting","frem_rao_blackwell","ferx_fit",""
"setting","imp_auto","ferx_fit",""
"setting","impmap_auto","ferx_fit",""
"setting","iscale_min","ferx_fit",""
"setting","iscale_max","ferx_fit",""
"setting","imp_defensive_alpha","ferx_fit","aliases: impmap_defensive_alpha"
"setting","npde_nsim","ferx_fit",""
"setting","npde_seed","ferx_fit",""
"setting","mu_referencing","ferx_fit",""
"setting","n_starts","ferx_fit",""
"setting","start_sigma","ferx_fit",""
"setting","multi_start_seed","ferx_fit",""
"setting","iov_column","ferx_fit",""
"setting","iov_occasion","ferx_fit",""
"setting","optimizer_trace","ferx_fit",""
"setting","reconverge_gradient_interval","ferx_fit",""
"setting","scale_params","ferx_fit",""
"setting","parameter_scaling","ferx_fit",""
"setting","max_unconverged_frac","ferx_fit",""
"setting","min_obs_for_convergence_check","ferx_fit",""
"setting","stagnation_guard","ferx_fit",""
"setting","ebe_warm_start","ferx_fit",""
"setting","inits_from_nca","ferx_fit",""
"setting","ignore","ferx_fit",""
"setting","accept","ferx_fit",""
"setting","ignore_subjects","ferx_fit",""
"setting","frem_predictions","ferx_fit",""
"setting","frem_sigma","ferx_fit",""
"setting","checkpoint","ferx_fit",""
"setting","checkpoint_interval_secs","ferx_fit",""
"dsl_block","adaptive_dosing","",""
"dsl_block","binary_model","","feature: survival"
"dsl_block","covariate_model","",""
"dsl_block","covariate_nn","",""
"dsl_block","covariates","",""
"dsl_block","data","",""
"dsl_block","data_selection","",""
"dsl_block","derived","",""
"dsl_block","diffusion","",""
"dsl_block","error_model","",""
"dsl_block","event_model","","feature: survival"
"dsl_block","fit_options","",""
"dsl_block","individual_parameters","",""
"dsl_block","initial_conditions","",""
"dsl_block","markov_model","","feature: markov"
"dsl_block","mixture","",""
"dsl_block","odes","",""
"dsl_block","output","",""
"dsl_block","parameters","",""
"dsl_block","scaling","",""
"dsl_block","simulation","",""
"dsl_block","structural_model","",""
"data_column","ID","",""
"data_column","TIME","",""
"data_column","DV","",""
"data_column","EVID","",""
"data_column","AMT","",""
"data_column","CMT","",""
"data_column","RATE","",""
"data_column","MDV","",""
"data_column","II","",""
"data_column","SS","",""
"data_column","CENS","",""
"data_column","ADDL","",""
"data_column","TENTRY","",""
"data_column","FREMTYPE","",""
