"kind","name","parent","home"
"export","check_diagnostics","","05-first-fit"
"argument","fit","check_diagnostics","05-first-fit"
"export","check_strictness","","09-model-selection"
"argument","fit","check_strictness","09-model-selection"
"argument","require_converged","check_strictness","09-model-selection"
"argument","require_covariance","check_strictness","09-model-selection"
"argument","max_condition_number","check_strictness","09-model-selection"
"argument","max_correlation","check_strictness","09-model-selection"
"argument","reject_on_boundary","check_strictness","09-model-selection"
"argument","reject_init_stall","check_strictness","09-model-selection"
"export","ferx_allometry","","17-covariates"
"argument","model","ferx_allometry","17-covariates"
"argument","data","ferx_allometry","17-covariates"
"argument","config","ferx_allometry","17-covariates"
"argument","covariate","ferx_allometry","17-covariates"
"argument","reference","ferx_allometry","17-covariates"
"argument","parameters","ferx_allometry","17-covariates"
"argument","exponents","ferx_allometry","17-covariates"
"argument","estimate","ferx_allometry","17-covariates"
"argument","lower","ferx_allometry","17-covariates"
"argument","upper","ferx_allometry","17-covariates"
"argument","fit","ferx_allometry","17-covariates"
"argument","threads","ferx_allometry","17-covariates"
"argument","retries","ferx_allometry","17-covariates"
"argument","directory","ferx_allometry","17-covariates"
"export","ferx_amd","","09-model-selection"
"argument","model","ferx_amd","09-model-selection"
"argument","data","ferx_amd","09-model-selection"
"argument","search_space","ferx_amd","09-model-selection"
"argument","config","ferx_amd","09-model-selection"
"argument","strategy","ferx_amd","09-model-selection"
"argument","retries_on","ferx_amd","09-model-selection"
"argument","skip","ferx_amd","09-model-selection"
"argument","rank","ferx_amd","09-model-selection"
"argument","cutoff","ferx_amd","09-model-selection"
"argument","threads","ferx_amd","09-model-selection"
"argument","retries","ferx_amd","09-model-selection"
"argument","directory","ferx_amd","09-model-selection"
"argument","resume","ferx_amd","09-model-selection"
"argument","progress","ferx_amd","09-model-selection"
"export","ferx_amd_plan","","09-model-selection"
"argument","model","ferx_amd_plan","09-model-selection"
"argument","data","ferx_amd_plan","09-model-selection"
"argument","search_space","ferx_amd_plan","09-model-selection"
"argument","config","ferx_amd_plan","09-model-selection"
"argument","strategy","ferx_amd_plan","09-model-selection"
"argument","retries_on","ferx_amd_plan","09-model-selection"
"argument","skip","ferx_amd_plan","09-model-selection"
"export","ferx_apply_selection","","03-data"
"argument","data","ferx_apply_selection","03-data"
"argument","ignore","ferx_apply_selection","03-data"
"argument","accept","ferx_apply_selection","03-data"
"argument","ignore_ids","ferx_apply_selection","03-data"
"argument","excluded","ferx_apply_selection","03-data"
"export","ferx_bic","","09-model-selection"
"argument","fit","ferx_bic","09-model-selection"
"argument","type","ferx_bic","09-model-selection"
"export","ferx_bootstrap","","10-uncertainty"
"argument","model","ferx_bootstrap","10-uncertainty"
"argument","data","ferx_bootstrap","10-uncertainty"
"argument","samples","ferx_bootstrap","10-uncertainty"
"argument","seed","ferx_bootstrap","10-uncertainty"
"argument","threads","ferx_bootstrap","10-uncertainty"
"argument","stratify_on","ferx_bootstrap","10-uncertainty"
"argument","sample_size","ferx_bootstrap","10-uncertainty"
"argument","update_inits","ferx_bootstrap","10-uncertainty"
"argument","run_base_model","ferx_bootstrap","10-uncertainty"
"argument","keep_covariance","ferx_bootstrap","10-uncertainty"
"argument","dofv","ferx_bootstrap","10-uncertainty"
"argument","skip_minimization_terminated","ferx_bootstrap","10-uncertainty"
"argument","skip_estimate_near_boundary","ferx_bootstrap","10-uncertainty"
"argument","skip_covariance_step_terminated","ferx_bootstrap","10-uncertainty"
"argument","skip_with_covstep_warnings","ferx_bootstrap","10-uncertainty"
"argument","ci","ferx_bootstrap","10-uncertainty"
"argument","directory","ferx_bootstrap","10-uncertainty"
"argument","resume","ferx_bootstrap","10-uncertainty"
"argument","retry_failed","ferx_bootstrap","10-uncertainty"
"argument","progress","ferx_bootstrap","10-uncertainty"
"argument","verbose","ferx_bootstrap","10-uncertainty"
"export","ferx_bootstrap_summarize","","10-uncertainty"
"argument","directory","ferx_bootstrap_summarize","10-uncertainty"
"argument","skip_minimization_terminated","ferx_bootstrap_summarize","10-uncertainty"
"argument","skip_estimate_near_boundary","ferx_bootstrap_summarize","10-uncertainty"
"argument","skip_covariance_step_terminated","ferx_bootstrap_summarize","10-uncertainty"
"argument","skip_with_covstep_warnings","ferx_bootstrap_summarize","10-uncertainty"
"argument","ci","ferx_bootstrap_summarize","10-uncertainty"
"export","ferx_calc_npde","","07-diagnostics"
"argument","fit","ferx_calc_npde","07-diagnostics"
"argument","nsim","ferx_calc_npde","07-diagnostics"
"argument","seed","ferx_calc_npde","07-diagnostics"
"argument","model","ferx_calc_npde","07-diagnostics"
"argument","data","ferx_calc_npde","07-diagnostics"
"export","ferx_check_init","","05-first-fit"
"argument","model","ferx_check_init","05-first-fit"
"argument","data","ferx_check_init","05-first-fit"
"argument","method","ferx_check_init","05-first-fit"
"argument","maxiter","ferx_check_init","05-first-fit"
"export","ferx_coef","","05-first-fit"
"argument","fit","ferx_coef","05-first-fit"
"argument","param","ferx_coef","05-first-fit"
"export","ferx_collect","","06-estimation-methods"
"argument","handle","ferx_collect","06-estimation-methods"
"argument","verbose","ferx_collect","06-estimation-methods"
"export","ferx_conddist","","06-estimation-methods"
"argument","fit","ferx_conddist","06-estimation-methods"
"export","ferx_cov_screen","","17-covariates"
"argument","fit","ferx_cov_screen","17-covariates"
"argument","threshold","ferx_cov_screen","17-covariates"
"export","ferx_covariance","","10-uncertainty"
"argument","fit","ferx_covariance","10-uncertainty"
"argument","covariance_method","ferx_covariance","10-uncertainty"
"argument","mu_referencing","ferx_covariance","10-uncertainty"
"argument","verbose","ferx_covariance","10-uncertainty"
"export","ferx_covsearch","","09-model-selection"
"argument","model","ferx_covsearch","09-model-selection"
"argument","data","ferx_covsearch","09-model-selection"
"argument","search_space","ferx_covsearch","09-model-selection"
"argument","config","ferx_covsearch","09-model-selection"
"argument","algorithm","ferx_covsearch","09-model-selection"
"argument","p_forward","ferx_covsearch","09-model-selection"
"argument","p_backward","ferx_covsearch","09-model-selection"
"argument","max_steps","ferx_covsearch","09-model-selection"
"argument","adaptive_scope_reduction","ferx_covsearch","09-model-selection"
"argument","rank","ferx_covsearch","09-model-selection"
"argument","cutoff","ferx_covsearch","09-model-selection"
"argument","threads","ferx_covsearch","09-model-selection"
"argument","retries","ferx_covsearch","09-model-selection"
"argument","directory","ferx_covsearch","09-model-selection"
"argument","resume","ferx_covsearch","09-model-selection"
"argument","progress","ferx_covsearch","09-model-selection"
"export","ferx_example","","02-complete-analysis"
"argument","name","ferx_example","02-complete-analysis"
"export","ferx_fit","","05-first-fit"
"argument","model","ferx_fit","05-first-fit"
"argument","data","ferx_fit","05-first-fit"
"argument","method","ferx_fit","06-estimation-methods"
"argument","covariance","ferx_fit","05-first-fit"
"argument","verbose","ferx_fit","05-first-fit"
"argument","bloq_method","ferx_fit","19-censoring"
"argument","threads","ferx_fit","06-estimation-methods"
"argument","mu_referencing","ferx_fit","16-variability"
"argument","sir","ferx_fit","10-uncertainty"
"argument","gradient","ferx_fit","06-estimation-methods"
"argument","optimizer_trace","ferx_fit","06-estimation-methods"
"argument","scale_params","ferx_fit","16-variability"
"argument","inits_from_nca","ferx_fit","05-first-fit"
"argument","fd_hessian_step","ferx_fit","10-uncertainty"
"argument","settings","ferx_fit","06-estimation-methods"
"argument","output","ferx_fit","13-reproducibility"
"argument","include_data","ferx_fit","13-reproducibility"
"argument","ignore","ferx_fit","03-data"
"argument","accept","ferx_fit","03-data"
"argument","ignore_ids","ferx_fit","03-data"
"export","ferx_fit_async","","06-estimation-methods"
"argument","model","ferx_fit_async","06-estimation-methods"
"argument","data","ferx_fit_async","06-estimation-methods"
"argument","tail_n","ferx_fit_async","06-estimation-methods"
"argument","poll_interval","ferx_fit_async","06-estimation-methods"
"export","ferx_gam_screen","","17-covariates"
"argument","fit","ferx_gam_screen","17-covariates"
"argument","etas","ferx_gam_screen","17-covariates"
"argument","covariates","ferx_gam_screen","17-covariates"
"argument","spline_df","ferx_gam_screen","17-covariates"
"argument","include_linear","ferx_gam_screen","17-covariates"
"argument","shrinkage_warn","ferx_gam_screen","17-covariates"
"export","ferx_get_columns","","03-data"
"argument","data","ferx_get_columns","03-data"
"export","ferx_get_warnings","","05-first-fit"
"argument","fit","ferx_get_warnings","05-first-fit"
"argument","as_df","ferx_get_warnings","05-first-fit"
"export","ferx_globalsearch","","09-model-selection"
"argument","model","ferx_globalsearch","09-model-selection"
"argument","data","ferx_globalsearch","09-model-selection"
"argument","search_space","ferx_globalsearch","09-model-selection"
"argument","config","ferx_globalsearch","09-model-selection"
"argument","algorithm","ferx_globalsearch","09-model-selection"
"argument","iiv_strategy","ferx_globalsearch","09-model-selection"
"argument","max_models","ferx_globalsearch","09-model-selection"
"argument","ga","ferx_globalsearch","09-model-selection"
"argument","penalties","ferx_globalsearch","09-model-selection"
"argument","rank","ferx_globalsearch","09-model-selection"
"argument","cutoff","ferx_globalsearch","09-model-selection"
"argument","threads","ferx_globalsearch","09-model-selection"
"argument","retries","ferx_globalsearch","09-model-selection"
"argument","directory","ferx_globalsearch","09-model-selection"
"argument","resume","ferx_globalsearch","09-model-selection"
"argument","progress","ferx_globalsearch","09-model-selection"
"export","ferx_iivsearch","","09-model-selection"
"argument","model","ferx_iivsearch","09-model-selection"
"argument","data","ferx_iivsearch","09-model-selection"
"argument","search_space","ferx_iivsearch","09-model-selection"
"argument","config","ferx_iivsearch","09-model-selection"
"argument","algorithm","ferx_iivsearch","09-model-selection"
"argument","correlation_algorithm","ferx_iivsearch","09-model-selection"
"argument","as_fullblock","ferx_iivsearch","09-model-selection"
"argument","block_retries","ferx_iivsearch","09-model-selection"
"argument","rank","ferx_iivsearch","09-model-selection"
"argument","cutoff","ferx_iivsearch","09-model-selection"
"argument","threads","ferx_iivsearch","09-model-selection"
"argument","retries","ferx_iivsearch","09-model-selection"
"argument","directory","ferx_iivsearch","09-model-selection"
"argument","resume","ferx_iivsearch","09-model-selection"
"argument","progress","ferx_iivsearch","09-model-selection"
"export","ferx_inits_from_nca","","05-first-fit"
"argument","model","ferx_inits_from_nca","05-first-fit"
"argument","data","ferx_inits_from_nca","05-first-fit"
"argument","method","ferx_inits_from_nca","05-first-fit"
"export","ferx_iovsearch","","09-model-selection"
"argument","model","ferx_iovsearch","09-model-selection"
"argument","data","ferx_iovsearch","09-model-selection"
"argument","search_space","ferx_iovsearch","09-model-selection"
"argument","config","ferx_iovsearch","09-model-selection"
"argument","column","ferx_iovsearch","09-model-selection"
"argument","distribution","ferx_iovsearch","09-model-selection"
"argument","groups","ferx_iovsearch","09-model-selection"
"argument","block_retries","ferx_iovsearch","09-model-selection"
"argument","rank","ferx_iovsearch","09-model-selection"
"argument","cutoff","ferx_iovsearch","09-model-selection"
"argument","threads","ferx_iovsearch","09-model-selection"
"argument","retries","ferx_iovsearch","09-model-selection"
"argument","directory","ferx_iovsearch","09-model-selection"
"argument","resume","ferx_iovsearch","09-model-selection"
"argument","progress","ferx_iovsearch","09-model-selection"
"export","ferx_load_fit","","13-reproducibility"
"argument","path","ferx_load_fit","13-reproducibility"
"export","ferx_model","","04-model-files"
"argument","data","ferx_model","04-model-files"
"argument","model","ferx_model","04-model-files"
"argument","template","ferx_model","04-model-files"
"argument","path","ferx_model","04-model-files"
"argument","overwrite","ferx_model","04-model-files"
"argument","edit","ferx_model","04-model-files"
"argument","print","ferx_model","04-model-files"
"export","ferx_model_edit","","04-model-files"
"argument","path","ferx_model_edit","04-model-files"
"argument","dest","ferx_model_edit","04-model-files"
"argument","overwrite","ferx_model_edit","04-model-files"
"argument","save_as","ferx_model_edit","04-model-files"
"argument",".editor","ferx_model_edit","04-model-files"
"export","ferx_model_get_section","","04-model-files"
"argument","x","ferx_model_get_section","04-model-files"
"argument","section","ferx_model_get_section","04-model-files"
"argument","strip","ferx_model_get_section","04-model-files"
"export","ferx_model_inspect","","04-model-files"
"argument","path","ferx_model_inspect","04-model-files"
"export","ferx_model_set_section","","04-model-files"
"argument","x","ferx_model_set_section","04-model-files"
"argument","section","ferx_model_set_section","04-model-files"
"argument","lines","ferx_model_set_section","04-model-files"
"export","ferx_model_show","","04-model-files"
"argument","path","ferx_model_show","04-model-files"
"export","ferx_model_to_frem","","17-covariates"
"argument","model","ferx_model_to_frem","17-covariates"
"argument","data","ferx_model_to_frem","17-covariates"
"argument","covariates","ferx_model_to_frem","17-covariates"
"argument","output_dir","ferx_model_to_frem","17-covariates"
"argument","output_model","ferx_model_to_frem","17-covariates"
"argument","output_data","ferx_model_to_frem","17-covariates"
"argument","fit","ferx_model_to_frem","17-covariates"
"export","ferx_model_validate","","04-model-files"
"argument","path","ferx_model_validate","04-model-files"
"argument","data","ferx_model_validate","04-model-files"
"export","ferx_modelsearch","","09-model-selection"
"argument","model","ferx_modelsearch","09-model-selection"
"argument","data","ferx_modelsearch","09-model-selection"
"argument","search_space","ferx_modelsearch","09-model-selection"
"argument","config","ferx_modelsearch","09-model-selection"
"argument","algorithm","ferx_modelsearch","09-model-selection"
"argument","iiv_strategy","ferx_modelsearch","09-model-selection"
"argument","rank","ferx_modelsearch","09-model-selection"
"argument","cutoff","ferx_modelsearch","09-model-selection"
"argument","threads","ferx_modelsearch","09-model-selection"
"argument","retries","ferx_modelsearch","09-model-selection"
"argument","directory","ferx_modelsearch","09-model-selection"
"argument","resume","ferx_modelsearch","09-model-selection"
"argument","progress","ferx_modelsearch","09-model-selection"
"export","ferx_predict","","11-simulation"
"argument","model","ferx_predict","11-simulation"
"argument","data","ferx_predict","11-simulation"
"argument","fit","ferx_predict","11-simulation"
"export","ferx_predict_survival","","22-time-to-event"
"argument","model","ferx_predict_survival","22-time-to-event"
"argument","data","ferx_predict_survival","22-time-to-event"
"argument","times","ferx_predict_survival","22-time-to-event"
"argument","fit","ferx_predict_survival","22-time-to-event"
"export","ferx_runlog","","06-estimation-methods"
"argument","fit","ferx_runlog","06-estimation-methods"
"argument","gradient_tol","ferx_runlog","06-estimation-methods"
"argument","show_iterations","ferx_runlog","06-estimation-methods"
"argument","verbose","ferx_runlog","06-estimation-methods"
"export","ferx_runlog_iters","","06-estimation-methods"
"argument","fit","ferx_runlog_iters","06-estimation-methods"
"argument","verbose","ferx_runlog_iters","06-estimation-methods"
"export","ferx_ruvsearch","","09-model-selection"
"argument","model","ferx_ruvsearch","09-model-selection"
"argument","data","ferx_ruvsearch","09-model-selection"
"argument","config","ferx_ruvsearch","09-model-selection"
"argument","groups","ferx_ruvsearch","09-model-selection"
"argument","p_value","ferx_ruvsearch","09-model-selection"
"argument","skip","ferx_ruvsearch","09-model-selection"
"argument","max_iter","ferx_ruvsearch","09-model-selection"
"argument","cwres_prescreen","ferx_ruvsearch","09-model-selection"
"argument","threads","ferx_ruvsearch","09-model-selection"
"argument","retries","ferx_ruvsearch","09-model-selection"
"argument","directory","ferx_ruvsearch","09-model-selection"
"argument","resume","ferx_ruvsearch","09-model-selection"
"argument","progress","ferx_ruvsearch","09-model-selection"
"export","ferx_save_fit","","13-reproducibility"
"argument","fit","ferx_save_fit","13-reproducibility"
"argument","output","ferx_save_fit","13-reproducibility"
"argument","include_data","ferx_save_fit","13-reproducibility"
"export","ferx_se","","05-first-fit"
"argument","fit","ferx_se","05-first-fit"
"argument","param","ferx_se","05-first-fit"
"export","ferx_search_config","","09-model-selection"
"argument","path","ferx_search_config","09-model-selection"
"export","ferx_search_coverage","","09-model-selection"
"argument","space","ferx_search_coverage","09-model-selection"
"export","ferx_search_results","","09-model-selection"
"argument","directory","ferx_search_results","09-model-selection"
"argument","partial","ferx_search_results","09-model-selection"
"argument","type","ferx_search_results","09-model-selection"
"export","ferx_search_space","","09-model-selection"
"argument","mfl","ferx_search_space","09-model-selection"
"argument","model","ferx_search_space","09-model-selection"
"argument","data","ferx_search_space","09-model-selection"
"export","ferx_simulate","","08-vpc"
"argument","model","ferx_simulate","08-vpc"
"argument","data","ferx_simulate","08-vpc"
"argument","n_sim","ferx_simulate","08-vpc"
"argument","seed","ferx_simulate","08-vpc"
"argument","fit","ferx_simulate","08-vpc"
"argument","match","ferx_simulate","11-simulation"
"argument","horizon","ferx_simulate","22-time-to-event"
"export","ferx_simulate_adaptive","","23-adaptive-dosing"
"argument","model","ferx_simulate_adaptive","23-adaptive-dosing"
"argument","data","ferx_simulate_adaptive","23-adaptive-dosing"
"argument","n_sim","ferx_simulate_adaptive","23-adaptive-dosing"
"argument","seed","ferx_simulate_adaptive","23-adaptive-dosing"
"argument","verify","ferx_simulate_adaptive","23-adaptive-dosing"
"argument","max_decisions","ferx_simulate_adaptive","23-adaptive-dosing"
"export","ferx_simulate_with_uncertainty","","11-simulation"
"argument","model","ferx_simulate_with_uncertainty","11-simulation"
"argument","data","ferx_simulate_with_uncertainty","11-simulation"
"argument","fit","ferx_simulate_with_uncertainty","11-simulation"
"argument","n_uncertainty_draws","ferx_simulate_with_uncertainty","11-simulation"
"argument","n_sim_per_draw","ferx_simulate_with_uncertainty","11-simulation"
"argument","method","ferx_simulate_with_uncertainty","11-simulation"
"argument","seed","ferx_simulate_with_uncertainty","11-simulation"
"export","ferx_sir","","10-uncertainty"
"argument","fit","ferx_sir","10-uncertainty"
"argument","sir_samples","ferx_sir","10-uncertainty"
"argument","sir_resamples","ferx_sir","10-uncertainty"
"argument","sir_seed","ferx_sir","10-uncertainty"
"argument","sir_keep_samples","ferx_sir","10-uncertainty"
"argument","verbose","ferx_sir","10-uncertainty"
"export","ferx_stop","","06-estimation-methods"
"argument","handle","ferx_stop","06-estimation-methods"
"export","ferx_trace","","06-estimation-methods"
"argument","fit","ferx_trace","06-estimation-methods"
"export","ferx_xpose","","07-diagnostics"
"argument","fit","ferx_xpose","07-diagnostics"
"argument","backend","ferx_xpose","07-diagnostics"
"argument","continuous","ferx_xpose","07-diagnostics"
"argument","categorical","ferx_xpose","07-diagnostics"
"argument","runno","ferx_xpose","07-diagnostics"
"argument","iterations","ferx_xpose","07-diagnostics"
"s3method","$.ferx_job","$","06-estimation-methods"
"s3method","plot.ferx_bootstrap","plot","10-uncertainty"
"s3method","plot.ferx_fit","plot","06-estimation-methods"
"s3method","plot.ferx_job","plot","06-estimation-methods"
"s3method","print.ferx_allometry","print","17-covariates"
"s3method","print.ferx_amd","print","09-model-selection"
"s3method","print.ferx_bootstrap","print","10-uncertainty"
"s3method","print.ferx_conddist","print","06-estimation-methods"
"s3method","print.ferx_covsearch","print","09-model-selection"
"s3method","print.ferx_data","print","03-data"
"s3method","print.ferx_fit","print","05-first-fit"
"s3method","print.ferx_globalsearch","print","09-model-selection"
"s3method","print.ferx_iivsearch","print","09-model-selection"
"s3method","print.ferx_inits","print","05-first-fit"
"s3method","print.ferx_iovsearch","print","09-model-selection"
"s3method","print.ferx_job","print","06-estimation-methods"
"s3method","print.ferx_model","print","04-model-files"
"s3method","print.ferx_modelsearch","print","09-model-selection"
"s3method","print.ferx_ruvsearch","print","09-model-selection"
"s3method","print.ferx_search_config","print","09-model-selection"
"s3method","print.ferx_search_space","print","09-model-selection"
"s3method","print.ferx_summary","print","05-first-fit"
"s3method","summary.ferx_amd","summary","09-model-selection"
"s3method","summary.ferx_covsearch","summary","09-model-selection"
"s3method","summary.ferx_fit","summary","05-first-fit"
"s3method","summary.ferx_globalsearch","summary","09-model-selection"
"s3method","summary.ferx_iivsearch","summary","09-model-selection"
"s3method","summary.ferx_iovsearch","summary","09-model-selection"
"s3method","summary.ferx_modelsearch","summary","09-model-selection"
"s3method","summary.ferx_ruvsearch","summary","09-model-selection"
"example","adaptive_tdm","","23-adaptive-dosing"
"example","adaptive_vanco_loading","","23-adaptive-dosing"
"example","binary_logistic","","21-binary"
"example","bioavailability_ode","","15-absorption"
"example","bioavailability","","15-absorption"
"example","biphasic_igd_absorption","","15-absorption"
"example","emax_pkpd","","20-pkpd"
"example","emax_timecourse","","20-pkpd"
"example","igd_inverse_gaussian","","15-absorption"
"example","infusion_absorption","","18-dosing"
"example","mixed_absorption","","15-absorption"
"example","mm_multistart","","06-estimation-methods"
"example","mm_oral","","14-structural-models"
"example","one_cpt_ig","","15-absorption"
"example","one_cpt_iv_ode","","14-structural-models"
"example","one_cpt_iv_pooled","","14-structural-models"
"example","one_cpt_iv","","14-structural-models"
"example","one_cpt_transit_iov","","16-variability"
"example","one_cpt_transit","","15-absorption"
"example","parallel_absorption","","15-absorption"
"example","per_route_lag_absorption","","15-absorption"
"example","pktte_joint","","22-time-to-event"
"example","sequential_absorption","","15-absorption"
"example","ss_absorption","","18-dosing"
"example","three_cpt_iv_ode","","14-structural-models"
"example","three_cpt_iv","","14-structural-models"
"example","three_cpt_oral_ode","","14-structural-models"
"example","three_cpt_oral","","14-structural-models"
"example","transit_2cpt","","15-absorption"
"example","transit_savic","","15-absorption"
"example","tte_competing_risks","","22-time-to-event"
"example","tte_exponential","","22-time-to-event"
"example","tte_gompertz","","22-time-to-event"
"example","tte_weibull","","22-time-to-event"
"example","two_cpt_ig","","15-absorption"
"example","two_cpt_iv_ode","","14-structural-models"
"example","two_cpt_iv","","14-structural-models"
"example","two_cpt_oral_base","","04-model-files"
"example","two_cpt_oral_cov_ode_template","","14-structural-models"
"example","two_cpt_oral_cov_ode","","14-structural-models"
"example","two_cpt_oral_cov","","03-data"
"example","two_cpt_oral_derived","","12-tables-figures"
"example","two_cpt_oral_global","","09-model-selection"
"example","two_cpt_transit","","15-absorption"
"example","warfarin_additive_eta","","16-variability"
"example","warfarin_addl","","18-dosing"
"example","warfarin_amd","","09-model-selection"
"example","warfarin_block_omega","","16-variability"
"example","warfarin_bloq","","19-censoring"
"example","warfarin_data_selection","","03-data"
"example","warfarin_dcm","","24-experimental"
"example","warfarin_derived_pkpd","","20-pkpd"
"example","warfarin_derived","","18-dosing"
"example","warfarin_if","","17-covariates"
"example","warfarin_iov_saem","","16-variability"
"example","warfarin_iov","","16-variability"
"example","warfarin_logit_f","","15-absorption"
"example","warfarin_ltbs","","16-variability"
"example","warfarin_ode_lagtime","","15-absorption"
"example","warfarin_ode_time","","14-structural-models"
"example","warfarin_ode","","14-structural-models"
"example","warfarin_saem","","06-estimation-methods"
"example","warfarin_scaled","","14-structural-models"
"example","warfarin_sde","","24-experimental"
"example","warfarin_ss","","18-dosing"
"example","warfarin","","02-complete-analysis"
"example","weibull_absorption","","15-absorption"
"example","zero_order_absorption","","15-absorption"
"searchfile","one_cpt_transit","","09-model-selection"
"searchfile","two_cpt_oral_base","","09-model-selection"
"searchfile","two_cpt_oral_cov","","09-model-selection"
"searchfile","two_cpt_oral_global","","09-model-selection"
"searchfile","warfarin_amd","","09-model-selection"
"searchfile","warfarin_block_omega","","09-model-selection"
"searchfile","warfarin_iov","","09-model-selection"
"searchfile","warfarin","","09-model-selection"
"setting","maxiter","ferx_fit","06-estimation-methods"
"setting","inner_maxiter","ferx_fit","06-estimation-methods"
"setting","inner_tol","ferx_fit","06-estimation-methods"
"setting","inner_restarts","ferx_fit","06-estimation-methods"
"setting","cov_inner_tol","ferx_fit","10-uncertainty"
"setting","outer_xtol","ferx_fit","06-estimation-methods"
"setting","outer_ftol","ferx_fit","06-estimation-methods"
"setting","ode_reltol","ferx_fit","14-structural-models"
"setting","ode_abstol","ferx_fit","14-structural-models"
"setting","ode_max_steps","ferx_fit","14-structural-models"
"setting","ode_stiff_abort_after","ferx_fit","14-structural-models"
"setting","ode_auto_switch","ferx_fit","14-structural-models"
"setting","ode_method","ferx_fit","14-structural-models"
"setting","analytic_cov_hessian","ferx_fit","10-uncertainty"
"setting","covariance_fallback","ferx_fit","10-uncertainty"
"setting","covariance_method","ferx_fit","10-uncertainty"
"setting","fd_hessian_step","ferx_fit","10-uncertainty"
"setting","optimizer","ferx_fit","06-estimation-methods"
"setting","inner_optimizer","ferx_fit","06-estimation-methods"
"setting","steihaug_max_iters","ferx_fit","06-estimation-methods"
"setting","global_search","ferx_fit","06-estimation-methods"
"setting","global_maxeval","ferx_fit","06-estimation-methods"
"setting","n_exploration","ferx_fit","06-estimation-methods"
"setting","n_convergence","ferx_fit","06-estimation-methods"
"setting","n_mh_steps","ferx_fit","06-estimation-methods"
"setting","n_leapfrog","ferx_fit","06-estimation-methods"
"setting","adapt_interval","ferx_fit","06-estimation-methods"
"setting","mstep_damping","ferx_fit","06-estimation-methods"
"setting","omega_burnin","ferx_fit","06-estimation-methods"
"setting","conddist","ferx_fit","06-estimation-methods"
"setting","conddist_nsamp","ferx_fit","06-estimation-methods"
"setting","conddist_burnin","ferx_fit","06-estimation-methods"
"setting","conddist_keep_samples","ferx_fit","06-estimation-methods"
"setting","seed","ferx_fit","06-estimation-methods"
"setting","bayes_warmup","ferx_fit","06-estimation-methods"
"setting","bayes_iters","ferx_fit","06-estimation-methods"
"setting","bayes_chains","ferx_fit","06-estimation-methods"
"setting","bayes_thin","ferx_fit","06-estimation-methods"
"setting","bayes_seed","ferx_fit","06-estimation-methods"
"setting","vi_iters","ferx_fit","06-estimation-methods"
"setting","vi_mc_samples","ferx_fit","06-estimation-methods"
"setting","vi_lr","ferx_fit","06-estimation-methods"
"setting","vi_grad_clip","ferx_fit","06-estimation-methods"
"setting","vi_family","ferx_fit","06-estimation-methods"
"setting","vi_sigma_update","ferx_fit","06-estimation-methods"
"setting","vi_omega_update","ferx_fit","06-estimation-methods"
"setting","vi_avg_last","ferx_fit","06-estimation-methods"
"setting","vi_eta_grad","ferx_fit","06-estimation-methods"
"setting","vi_kl","ferx_fit","06-estimation-methods"
"setting","vi_final_ofv","ferx_fit","06-estimation-methods"
"setting","vi_seed","ferx_fit","06-estimation-methods"
"setting","gn_lambda","ferx_fit","06-estimation-methods"
"setting","nn_l2","ferx_fit","24-experimental"
"setting","nn_smooth","ferx_fit","24-experimental"
"setting","sir_samples","ferx_fit","10-uncertainty"
"setting","sir_resamples","ferx_fit","10-uncertainty"
"setting","sir_seed","ferx_fit","10-uncertainty"
"setting","sir_keep_samples","ferx_fit","10-uncertainty"
"setting","sir_df","ferx_fit","10-uncertainty"
"setting","n_agq","ferx_fit","06-estimation-methods"
"setting","imp_samples","ferx_fit","06-estimation-methods"
"setting","imp_proposal_df","ferx_fit","06-estimation-methods"
"setting","imp_seed","ferx_fit","06-estimation-methods"
"setting","imp_low_ess_threshold","ferx_fit","06-estimation-methods"
"setting","imp_iterations","ferx_fit","06-estimation-methods"
"setting","imp_averaging","ferx_fit","06-estimation-methods"
"setting","imp_eval_only","ferx_fit","06-estimation-methods"
"setting","agq_eval_only","ferx_fit","06-estimation-methods"
"setting","impmap_iterations","ferx_fit","06-estimation-methods"
"setting","impmap_samples","ferx_fit","06-estimation-methods"
"setting","impmap_proposal_df","ferx_fit","06-estimation-methods"
"setting","impmap_seed","ferx_fit","06-estimation-methods"
"setting","impmap_averaging","ferx_fit","06-estimation-methods"
"setting","impmap_low_ess_threshold","ferx_fit","06-estimation-methods"
"setting","impmap_trace","ferx_fit","06-estimation-methods"
"setting","impmap_mceta","ferx_fit","06-estimation-methods"
"setting","impmap_sobol","ferx_fit","06-estimation-methods"
"setting","frem_rao_blackwell","ferx_fit","17-covariates"
"setting","imp_auto","ferx_fit","06-estimation-methods"
"setting","impmap_auto","ferx_fit","06-estimation-methods"
"setting","iscale_min","ferx_fit","06-estimation-methods"
"setting","iscale_max","ferx_fit","06-estimation-methods"
"setting","imp_defensive_alpha","ferx_fit","06-estimation-methods"
"setting","npde_nsim","ferx_fit","07-diagnostics"
"setting","npde_seed","ferx_fit","07-diagnostics"
"setting","mu_referencing","ferx_fit","16-variability"
"setting","n_starts","ferx_fit","06-estimation-methods"
"setting","start_sigma","ferx_fit","06-estimation-methods"
"setting","multi_start_seed","ferx_fit","06-estimation-methods"
"setting","iov_column","ferx_fit","16-variability"
"setting","iov_occasion","ferx_fit","16-variability"
"setting","optimizer_trace","ferx_fit","06-estimation-methods"
"setting","reconverge_gradient_interval","ferx_fit","06-estimation-methods"
"setting","scale_params","ferx_fit","16-variability"
"setting","parameter_scaling","ferx_fit","16-variability"
"setting","max_unconverged_frac","ferx_fit","06-estimation-methods"
"setting","min_obs_for_convergence_check","ferx_fit","06-estimation-methods"
"setting","stagnation_guard","ferx_fit","06-estimation-methods"
"setting","ebe_warm_start","ferx_fit","06-estimation-methods"
"setting","inits_from_nca","ferx_fit","05-first-fit"
"setting","ignore","ferx_fit","03-data"
"setting","accept","ferx_fit","03-data"
"setting","ignore_subjects","ferx_fit","03-data"
"setting","frem_predictions","ferx_fit","17-covariates"
"setting","frem_sigma","ferx_fit","17-covariates"
"setting","checkpoint","ferx_fit","06-estimation-methods"
"setting","checkpoint_interval_secs","ferx_fit","06-estimation-methods"
"dsl_block","adaptive_dosing","","23-adaptive-dosing"
"dsl_block","binary_model","","21-binary"
"dsl_block","covariate_model","","17-covariates"
"dsl_block","covariate_nn","","24-experimental"
"dsl_block","covariates","","17-covariates"
"dsl_block","data","","03-data"
"dsl_block","data_selection","","03-data"
"dsl_block","derived","","12-tables-figures"
"dsl_block","diffusion","","24-experimental"
"dsl_block","error_model","","04-model-files"
"dsl_block","event_model","","22-time-to-event"
"dsl_block","fit_options","","04-model-files"
"dsl_block","individual_parameters","","04-model-files"
"dsl_block","initial_conditions","","14-structural-models"
"dsl_block","markov_model","","25-reference"
"dsl_block","mixture","","16-variability"
"dsl_block","odes","","14-structural-models"
"dsl_block","output","","12-tables-figures"
"dsl_block","parameters","","04-model-files"
"dsl_block","scaling","","14-structural-models"
"dsl_block","simulation","","11-simulation"
"dsl_block","structural_model","","04-model-files"
"data_column","ID","","03-data"
"data_column","TIME","","03-data"
"data_column","DV","","03-data"
"data_column","EVID","","03-data"
"data_column","AMT","","03-data"
"data_column","CMT","","03-data"
"data_column","RATE","","03-data"
"data_column","MDV","","03-data"
"data_column","II","","03-data"
"data_column","SS","","03-data"
"data_column","CENS","","03-data"
"data_column","ADDL","","03-data"
"data_column","TENTRY","","22-time-to-event"
"data_column","FREMTYPE","","17-covariates"
"warning_code","convergence","","05-first-fit"
"warning_code","covariance_step","","10-uncertainty"
"warning_code","covariance_failed","","10-uncertainty"
"warning_code","covariance_regularized","","10-uncertainty"
"warning_code","condition_number","","07-diagnostics"
"warning_code","optimizer_health","","06-estimation-methods"
"warning_code","vi_bad_basin","","06-estimation-methods"
"warning_code","dw_autocorrelation","","07-diagnostics"
"warning_code","eta_normality","","07-diagnostics"
"warning_code","experimental","","24-experimental"
"warning_code","bloq_method","","19-censoring"
"warning_code","sir","","10-uncertainty"
"warning_code","importance_sampling","","06-estimation-methods"
"warning_code","eps_shrinkage","","07-diagnostics"
"warning_code","eta_shrinkage","","07-diagnostics"
"warning_code","boundary_estimate","","07-diagnostics"
"warning_code","parameter_at_runaway_guard","","06-estimation-methods"
"warning_code","init_outside_bounds","","06-estimation-methods"
"warning_code","inflated_rse","","07-diagnostics"
"warning_code","high_correlation","","07-diagnostics"
"warning_code","data_quality","","03-data"
"warning_code","omega_structure","","16-variability"
"warning_code","gradient_fallback","","06-estimation-methods"
"warning_code","mu_referencing","","06-estimation-methods"
"warning_code","optimizer_config","","06-estimation-methods"
"warning_code","multi_start","","06-estimation-methods"
"warning_code","cancelled","","06-estimation-methods"
"warning_code","threads","","06-estimation-methods"
"warning_code","simulation","","22-time-to-event"
"warning_code","flip_flop","","15-absorption"
"warning_code","absorption_twin_declined","","15-absorption"
"warning_code","flat_parameter","","06-estimation-methods"
"warning_code","ode_solver","","14-structural-models"
"warning_code","general","","05-first-fit"
"fit_slot","converged","ferx_fit","25-reference"
"fit_slot","method","ferx_fit","25-reference"
"fit_slot","method_chain","ferx_fit","25-reference"
"fit_slot","ofv","ferx_fit","25-reference"
"fit_slot","aic","ferx_fit","25-reference"
"fit_slot","bic","ferx_fit","25-reference"
"fit_slot","bic_inputs","ferx_fit","25-reference"
"fit_slot","left_init","ferx_fit","25-reference"
"fit_slot","stalled_at_init","ferx_fit","25-reference"
"fit_slot","estimate_near_boundary","ferx_fit","25-reference"
"fit_slot","max_abs_correlation","ferx_fit","25-reference"
"fit_slot","n_subjects","ferx_fit","25-reference"
"fit_slot","n_obs","ferx_fit","25-reference"
"fit_slot","n_parameters","ferx_fit","25-reference"
"fit_slot","n_iterations","ferx_fit","25-reference"
"fit_slot","theta","ferx_fit","25-reference"
"fit_slot","omega","ferx_fit","25-reference"
"fit_slot","sigma","ferx_fit","25-reference"
"fit_slot","sigma_names","ferx_fit","25-reference"
"fit_slot","sigma_types","ferx_fit","25-reference"
"fit_slot","se_theta","ferx_fit","25-reference"
"fit_slot","se_omega","ferx_fit","25-reference"
"fit_slot","se_sigma","ferx_fit","25-reference"
"fit_slot","sdtab","ferx_fit","25-reference"
"fit_slot","warnings","ferx_fit","25-reference"
"fit_slot","warnings_severity","ferx_fit","25-reference"
"fit_slot","warnings_category","ferx_fit","25-reference"
"fit_slot","warnings_message","ferx_fit","25-reference"
"fit_slot","warnings_source_method","ferx_fit","25-reference"
"fit_slot","sir_resamples","ferx_fit","25-reference"
"fit_slot","sir_resamples_n","ferx_fit","25-reference"
"fit_slot","sir_resamples_dim","ferx_fit","25-reference"
"fit_slot","importance_sampling","ferx_fit","25-reference"
"fit_slot","impmap_trace","ferx_fit","25-reference"
"fit_slot","bayes","ferx_fit","25-reference"
"fit_slot","cond_dist","ferx_fit","25-reference"
"fit_slot","ebe_convergence_warnings","ferx_fit","25-reference"
"fit_slot","max_unconverged_subjects","ferx_fit","25-reference"
"fit_slot","total_ebe_fallbacks","ferx_fit","25-reference"
"fit_slot","covariance_status","ferx_fit","25-reference"
"fit_slot","shrinkage_eta","ferx_fit","25-reference"
"fit_slot","shrinkage_eps","ferx_fit","25-reference"
"fit_slot","wall_time_secs","ferx_fit","25-reference"
"fit_slot","model_name","ferx_fit","25-reference"
"fit_slot","ferx_version","ferx_fit","25-reference"
"fit_slot","cov_matrix","ferx_fit","25-reference"
"fit_slot","omega_is_diagonal","ferx_fit","25-reference"
"fit_slot","kappa_is_diagonal","ferx_fit","25-reference"
"fit_slot","ebe_etas","ferx_fit","25-reference"
"fit_slot","individual_estimates","ferx_fit","25-reference"
"fit_slot","model_structure","ferx_fit","25-reference"
"fit_slot","eta_log_transformed","ferx_fit","05-first-fit"
"fit_slot","eta_param_types","ferx_fit","05-first-fit"
"fit_slot","eta_linked_theta","ferx_fit","25-reference"
"fit_slot","eta_names","ferx_fit","25-reference"
"fit_slot","theta_transforms","ferx_fit","05-first-fit"
"fit_slot","gradient_method_inner","ferx_fit","25-reference"
"fit_slot","gradient_method_outer","ferx_fit","25-reference"
"fit_slot","model_path","ferx_fit","25-reference"
"fit_slot","data_path","ferx_fit","25-reference"
"fit_slot","model_hash","ferx_fit","25-reference"
"fit_slot","data_hash","ferx_fit","25-reference"
"fit_slot","uses_sde","ferx_fit","25-reference"
"fit_slot","saem_n_subjects_hmc","ferx_fit","25-reference"
"fit_slot","dw_statistic","ferx_fit","25-reference"
"fit_slot","iwres_lag1_r","ferx_fit","25-reference"
"fit_slot","omega_init_as_sd","ferx_fit","25-reference"
"fit_slot","sigma_init_as_sd","ferx_fit","25-reference"
"fit_slot","kappa_init_as_sd","ferx_fit","25-reference"
"fit_slot","neural_networks","ferx_fit","25-reference"
"fit_slot","saem_mu_ref_m_step_evals_saved","ferx_fit","25-reference"
"fit_slot","covariance_n_evals_estimated","ferx_fit","25-reference"
"fit_slot","n_threads_used","ferx_fit","25-reference"
"fit_slot","nlopt_missing_algorithms","ferx_fit","25-reference"
"fit_slot","model_text","ferx_fit","25-reference"
"fit_slot","theta_init","ferx_fit","25-reference"
"fit_slot","omega_init","ferx_fit","25-reference"
"fit_slot","omega_init_dim","ferx_fit","25-reference"
"fit_slot","sigma_init","ferx_fit","25-reference"
"fit_slot","obs_time_range","ferx_fit","25-reference"
"fit_slot","final_gradient","ferx_fit","25-reference"
"fit_slot","optimizer_label","ferx_fit","25-reference"
"fit_slot","n_starts","ferx_fit","25-reference"
"fit_slot","multi_start_seed","ferx_fit","25-reference"
"fit_slot","saem_seed","ferx_fit","25-reference"
"fit_slot","sir_seed_used","ferx_fit","25-reference"
"fit_slot","imp_seed","ferx_fit","25-reference"
"fit_slot","bloq_method_label","ferx_fit","25-reference"
"fit_slot","outer_maxiter","ferx_fit","25-reference"
"fit_slot","outer_gtol","ferx_fit","25-reference"
"fit_slot","inits_from_nca","ferx_fit","25-reference"
"fit_slot","covariate_names","ferx_fit","25-reference"
"fit_slot","input_columns","ferx_fit","25-reference"
"fit_slot","exclusions","ferx_fit","25-reference"
"fit_slot","covtab","ferx_fit","25-reference"
"fit_slot","covariate_types","ferx_fit","25-reference"
"fit_slot","eigenvalues","ferx_fit","25-reference"
"fit_slot","condition_number","ferx_fit","25-reference"
"fit_slot","eta_normality","ferx_fit","25-reference"
"fit_slot","data_name","ferx_fit","25-reference"
"fit_slot","gradient","ferx_fit","25-reference"
"fit_slot","gradient_used","ferx_fit","25-reference"
"fit_slot","call_settings","ferx_fit","25-reference"
"fit_slot","model_file_settings","ferx_fit","25-reference"
"fit_slot","model_source","ferx_fit","25-reference"
"fit_slot","warnings_structured","ferx_fit","25-reference"
"fit_slot","cor_matrix","ferx_fit","25-reference"
"fit_slot","estimates","ferx_fit","25-reference"
